fip,pop
1001,53061.79779
1003,352262.3305
1005,18981.84118
1007,19022.63125
1009,53392.69167
1011,7813.631006
1013,14497.62937
1015,86413.39702
1017,31421.67979
1019,20594.99458
1021,39667.25178
1023,8922.563645
1025,18153.31154
1027,9934.501282
1029,13301.03724
1031,54289.07814
1033,50303.23692
1035,8241.051678
1037,4977.900273
1039,33437.22705
1041,12607.74217
1043,85202.1232
1045,37574.74889
1047,22690.60738
1049,66019.54622
1051,90330.98846
1053,33109.20528
1055,88681.44739
1057,12301.97174
1059,30744.34594
1061,24279.84649
1063,4889.102392
1065,10091.33845
1067,15777.52103
1069,117805.3531
1071,41518.29691
1073,643085.6533
1075,10080.95187
1077,91585.79766
1079,23051.69059
1081,301556.716
1083,159068.7964
1085,5784.659654
1087,9087.60636
1089,460989.7444
1091,12728.975
1093,24128.85491
1095,97024.0693
1097,382615.991
1099,13814.85901
1101,204911.8367
1103,105180.9222
1105,5529.630351
1107,30076.67002
1109,38617.32022
1111,18428.18335
1113,99720.73236
1115,104537.1711
1117,291062.0111
1119,10971.69628
1121,68279.06085
1123,30467.16492
1125,286491.3266
1127,48030.56111
1129,12241.32405
1131,7115.681233
1133,17950.09278
2013,12101.44045
2016,22967.61742
2020,705597.7313
2050,40846.158
2060,1211.382832
2068,5631.156435
2070,11550.84085
2090,215195.5455
2100,5507.887975
2110,92172.29962
2122,148827.8858
2130,29815.64535
2150,28849.09321
2158,21224.11975
2164,2559.534085
2170,379394.0369
2180,20801.0862
2185,25133.30628
2188,14988.59674
2220,18449.66588
2240,11042.37565
2261,15611.3462
2282,1088.55337
2290,9139.782806
4001,61903.85815
4003,79805.11181
4005,181081.9532
4007,41040.74462
4009,41005.2155
4011,20407.31517
4012,16327.6631
4013,6872376.487
4015,196810.4163
4017,88849.62659
4019,1149778.348
4021,444125.958
4023,34224.48695
4025,264736.1519
4027,220276.2796
5001,13915.57919
5003,13136.1296
5005,36287.33645
5007,497239.3047
5009,34196.73273
5011,8335.688657
5013,3911.591699
5015,29169.33573
5017,6698.285807
5019,21961.3635
5021,10325.16381
5023,19916.00002
5025,5612.141271
5027,20536.2921
5029,17083.25274
5031,168034.1479
5033,57521.22038
5035,33670.27064
5037,13049.65352
5039,5011.818323
5041,7128.124813
5043,17015.16777
5045,183362.3269
5047,14242.7886
5049,9717.046534
5051,107292.0592
5053,17900.90802
5055,58485.92537
5057,16466.07653
5059,33419.29304
5061,10874.30888
5063,37979.54808
5065,12040.50857
5067,14363.43084
5069,42330.69232
5071,29627.4787
5073,3624.835352
5075,11937.08368
5077,6711.241457
5079,13170.27501
5081,7998.782539
5083,18219.68453
5085,87778.26044
5087,14197.66773
5089,11386.1626
5091,41024.07914
5093,27058.39334
5095,4204.528318
5097,5005.417329
5099,6033.781024
5101,4502.098908
5103,14430.71014
5105,8057.74614
5107,8684.133814
5109,7499.801757
5111,20035.35662
5113,16177.49447
5115,72106.7728
5117,4972.628541
5119,440903.8937
5121,12883.81596
5123,19281.06997
5125,194367.9575
5127,5228.413642
5129,5250.451828
5131,143300.987
5133,16774.16691
5135,14420.14606
5137,11627.70142
5139,29688.07268
5141,11262.52999
5143,398551.8215
5145,88246.44802
5147,3662.619988
5149,15568.79853
6001,2586608.36
6003,952.4123352
6005,29913.2151
6007,262561.0572
6009,35384.97002
6011,19829.61562
6013,1624373.359
6015,21495.00587
6017,185903.6264
6019,1157250.8
6021,25767.94541
6023,130849.9737
6025,199534.4144
6027,14331.84767
6029,1105231.848
6031,145239.2031
6033,53054.23858
6035,23261.52753
6037,11948407.26
6039,167071.0834
6041,300448.8225
6043,12232.13626
6045,71758.69012
6047,321011.1887
6049,4444.040614
6051,9768.654774
6053,506696.3104
6055,176213.2733
6057,85163.61389
6059,3968735.586
6061,506389.8104
6063,9068.777068
6065,3256782.579
6067,1941335.465
6069,76831.52185
6071,2642388.429
6073,4421606.926
6075,1435001.107
6077,929798.3939
6079,366853.3846
6081,1071188.822
6083,584262.6136
6085,2712135.173
6087,352797.2736
6089,162547.2414
6091,1635.860548
6093,29030.18008
6095,549115.2329
6097,580714.7241
6099,658299.5878
6101,93603.99001
6103,52371.95071
6105,7084.482349
6107,534920.0615
6109,42575.35724
6111,934609.1049
6113,318202.0009
6115,72937.42687
8001,862888.9179
8003,21411.68037
8005,1053719.903
8007,12778.07464
8009,2362.477007
8011,4207.110541
8013,532028.9954
8014,137001.2062
8015,23836.59066
8017,1500.886403
8019,10182.52653
8021,5777.735955
8023,3225.640156
8025,6390.723077
8027,4666.968003
8029,19459.69024
8031,1406480.906
8033,1184.758238
8035,571695.2646
8037,60206.4257
8039,35638.2098
8041,981203.5743
8043,43880.67621
8045,64937.28
8047,8088.661022
8049,12185.83997
8051,23808.51126
8053,350.9345526
8055,3849.312251
8057,1234.274754
8059,797489.2656
8061,1303.906738
8063,7559.171581
8065,9065.714031
8067,78543.31244
8069,627048.283
8071,7244.959783
8073,5656.589685
8075,20864.93093
8077,153383.9676
8079,573.700958
8081,6459.527771
8083,27180.36385
8085,29530.12869
8087,24205.57204
8089,14466.85156
8091,5470.076986
8093,16114.90662
8095,3266.549316
8097,24105.0105
8099,7122.31062
8101,190642.4117
8103,5454.016763
8105,7771.949775
8107,32328.33279
8109,5629.273013
8111,630.4098215
8113,11799.91939
8115,2601.841766
8117,46694.80586
8119,17461.87079
8121,4758.349802
8123,514478.3089
8125,8700.870054
9001,1088218.028
9003,901789.882
9005,133182.4719
9007,136722.3124
9009,830026.9746
9011,225394.3983
9013,134323.8345
9015,95051.95986
10001,236483.3785
10003,649068.1401
10005,311258.6831
11001,1231493.441
12001,364718.7773
12003,25102.74213
12005,255545.3412
12007,18681.05996
12009,715668.5747
12011,2946698.178
12013,12005.79114
12015,247148.0835
12017,125196.0223
12019,275147.722
12021,544931.782
12023,63057.79545
12027,31272.98776
12029,12670.6422
12031,1205258.44
12033,378513.8241
12035,157398.2552
12037,11218.09565
12039,31501.75994
12041,16597.41592
12043,17158.15596
12045,15042.70673
12047,11740.28395
12049,19216.84517
12051,36116.65547
12053,209588.6376
12055,98242.44746
12057,2203426.608
12059,14905.11665
12061,194464.5283
12063,37586.86561
12065,8319.490557
12067,8284.864721
12069,531296.0557
12071,1256890.51
12073,386804.0146
12075,26368.20941
12077,8258.898039
12079,11918.09889
12081,637994.5862
12083,412722.8072
12085,204992.3734
12086,4012133.952
12087,116499.5454
12089,103377.8053
12091,322954.17
12093,29432.50099
12095,2454015.612
12097,774552.067
12099,2132978.66
12101,736021.7147
12103,1168637.3
12105,1000475.771
12107,45051.14476
12109,487011.4514
12111,406106.1155
12113,256408.0835
12115,541467.416
12117,640663.3763
12119,234186.3411
12121,46544.45751
12123,18628.1436
12125,13325.41067
12127,681450.5042
12129,32538.6622
12131,117033.8372
12133,21524.38552
13001,16787.7986
13003,7284.24409
13005,12250.08402
13007,1471.722004
13009,42129.37314
13011,15950.77268
13013,110074.8138
13015,109045.573
13017,13350.72515
13019,13876.44496
13021,131603.4393
13023,11741.32446
13025,16044.03851
13027,10099.66687
13029,75400.12122
13031,94558.12553
13033,16102.42785
13035,18978.04146
13037,5894.000473
13039,51528.55369
13043,8923.006714
13045,137611.8324
13047,73920.76421
13049,12954.02506
13051,443018.7723
13053,12113.42688
13055,19078.99714
13057,379009.5622
13059,184854.9392
13061,2174.672993
13063,401196.1031
13065,7170.443627
13067,1155536.983
13069,41505.35194
13071,43901.1449
13073,306991.1157
13075,15696.01165
13077,212246.2838
13079,9255.938781
13081,16768.66119
13083,11892.31939
13085,27936.50989
13087,21396.54515
13089,1074583.063
13091,14837.1624
13093,10551.98707
13095,64056.05014
13097,220016.5323
13099,6794.464958
13101,3767.592178
13103,89493.53741
13105,12631.65073
13107,18758.75315
13109,8554.175847
13111,25008.31617
13113,137123.2425
13115,90850.3592
13117,502753.6859
13119,22712.91155
13121,1664579.868
13123,33266.31432
13125,2831.157729
13127,103257.8953
13129,59395.89347
13131,22401.0447
13133,18794.47008
13135,1623203.705
13137,49491.95303
13139,293595.5007
13141,4911.508094
13143,27144.21704
13145,38781.55335
13147,24939.2495
13149,8571.243605
13151,322248.9461
13153,207119.0477
13155,6990.274646
13157,78022.17115
13159,9955.469064
13161,13487.77646
13163,9948.915769
13165,12087.35391
13167,7888.729123
13169,25575.29405
13171,17517.5775
13173,10763.59485
13175,36094.27592
13177,33476.20316
13179,54155.23105
13181,4743.685403
13183,42403.43188
13185,131906.6417
13187,36016.97439
13189,16898.28106
13191,8525.990644
13193,8575.260824
13195,28282.43045
13197,6958.930705
13199,14030.05561
13201,4282.425322
13205,14615.5358
13207,28646.38493
13209,7066.461218
13211,16761.37283
13213,37014.78158
13215,249026.8012
13217,145308.7901
13219,58522.49158
13221,12923.63373
13223,217039.5455
13225,21723.62917
13227,33076.81484
13229,20112.82235
13231,17675.54353
13233,36753.12161
13235,8131.899393
13237,17117.01248
13239,1148.439383
13241,13973.61086
13243,4214.958968
13245,190346.7937
13247,127826.908
13249,6966.624243
13251,10686.20694
13253,6198.086612
13255,53474.07682
13257,18744.69196
13259,6460.994501
13261,16693.676
13263,3891.346555
13265,964.5684988
13267,25677.57839
13269,5065.046156
13271,16590.61685
13273,5414.511026
13275,42309.76006
13277,39929.79901
13279,23732.91773
13281,14530.7442
13283,5626.919446
13285,87166.56243
13287,4246.01546
13289,4168.414281
13291,25697.49497
13293,17828.23935
13295,55551.05988
13297,115847.6499
13299,27197.03925
13301,2883.468576
13303,16236.59919
13305,26135.34233
13307,1556.979408
13309,8420.708201
13311,35049.22766
13313,111204.638
13315,6884.069613
13317,6189.170589
13319,6157.626658
13321,12781.5985
15001,272702.635
15003,1257584.273
15005,67.91307546
15007,102608.0273
15009,226396.4736
16001,775818.0627
16003,2274.469127
16005,86090.32395
16007,5186.06675
16009,6304.971325
16011,32484.96055
16013,21061.98354
16015,6384.408703
16017,42871.20371
16019,142122.0766
16021,11951.9971
16023,945.2246732
16025,660.6662271
16027,350809.0104
16029,4904.509995
16031,25828.05067
16033,633.6595978
16035,7739.595926
16037,2355.306957
16039,14628.74075
16041,12933.09485
16043,9725.35958
16045,16612.71958
16047,12998.39387
16049,13251.54628
16051,27457.02362
16053,25136.3361
16055,236510.3637
16057,55479.68111
16059,5552.20062
16061,3535.892779
16063,6357.431148
16065,44170.19749
16067,22683.67472
16069,47819.34147
16071,4085.298242
16073,9406.808935
16075,24001.76983
16077,6141.839276
16079,9692.51104
16081,13547.17066
16083,119442.6531
16085,11754.0871
16087,7760.003272
17001,56851.12725
17003,2324.670716
17005,12002.44881
17007,44363.45439
17009,7298.987888
17011,23271.11987
17013,2925.285415
17015,9078.162979
17017,8252.960554
17019,256431.9901
17021,23757.41187
17023,11919.60223
17025,9500.440508
17027,32949.90714
17029,49989.2797
17031,5230761.944
17033,15661.89485
17035,8305.781363
17037,99303.34233
17039,12221.73017
17041,17828.93688
17043,954890.1154
17045,11087.44363
17047,4410.760857
17049,29813.35954
17051,19669.0906
17053,10835.89589
17055,31854.94498
17057,26775.47765
17059,3385.657124
17061,8804.395388
17063,46211.71903
17065,6254.457546
17067,11879.28622
17069,2786.473878
17071,4310.160836
17073,39606.01564
17075,21522.73789
17077,58811.23348
17079,7733.064092
17081,31557.0651
17083,15881.82909
17085,15357.35012
17087,13880.01281
17089,563476.9023
17091,85061.40744
17093,165423.8876
17095,38929.234
17097,643555.8472
17099,90293.95524
17101,14267.41039
17103,24263.73
17105,24047.95553
17107,24907.87116
17109,33630.15221
17111,268430.0691
17113,177089.5994
17115,75920.01747
17117,31468.52288
17119,213042.491
17121,28911.94338
17123,7236.215097
17125,8420.825073
17127,9710.546457
17129,9860.97488
17131,10892.60139
17133,36310.05135
17135,21948.00529
17137,26381.00321
17139,13063.47044
17141,36910.69074
17143,163508.4292
17145,16057.13839
17147,12563.25139
17149,12159.47899
17151,3258.906299
17153,3081.059883
17155,3200.826675
17157,27150.19282
17159,12641.50123
17161,123840.5352
17163,192699.2362
17165,20098.33849
17167,179624.2716
17169,4527.189094
17171,3444.935596
17173,15972.96054
17175,3369.219814
17177,29692.82485
17179,111872.0642
17181,13645.02214
17183,55539.43957
17185,8212.473711
17187,15470.9842
17189,10114.00888
17191,13825.69035
17193,11730.85159
17195,42612.76927
17197,680248.8071
17199,69393.62149
17201,216128.6824
17203,38584.69445
18001,29447.06164
18003,435137.3692
18005,109794.3658
18007,7337.006155
18009,8176.38698
18011,113571.5078
18013,12840.50891
18015,16752.76579
18017,30631.06545
18019,147676.5122
18021,21828.60665
18023,26643.94963
18025,7737.185165
18027,35802.66573
18029,39795.01441
18031,29511.87529
18033,38939.42276
18035,100747.3537
18037,40761.76014
18039,229447.357
18041,16055.65672
18043,89957.64378
18045,12149.41348
18047,20575.22645
18049,17037.66139
18051,30453.26077
18053,52967.83236
18055,23878.53668
18057,549805.278
18059,83348.41202
18061,37780.6883
18063,253068.0101
18065,42207.42212
18067,72879.73688
18069,30495.16594
18071,49738.3037
18073,29630.12673
18075,18203.3025
18077,31486.36327
18079,20973.06061
18081,214660.7257
18083,32404.83502
18085,84191.01613
18087,39284.1498
18089,449893.8488
18091,102330.4976
18093,38297.21711
18095,108148.4102
18097,1208920.451
18099,42329.45469
18101,7517.71102
18103,30313.02593
18105,206891.6226
18107,34453.68992
18109,66455.18386
18111,12103.50068
18113,44500.85417
18115,3977.862767
18117,16301.26283
18119,13253.47421
18121,14317.50033
18123,17402.1504
18125,9409.560263
18127,187497.665
18129,20577.23907
18131,9208.744333
18133,34177.48668
18135,17009.8752
18137,25690.91882
18139,12238.86017
18141,269187.0193
18143,17370.25111
18145,42110.09241
18147,17051.27975
18149,16881.06968
18151,30022.00881
18153,17971.96823
18155,8721.085651
18157,302826.1125
18159,11032.49623
18161,4789.179529
18163,188870.5181
18165,11381.19554
18167,101200.2337
18169,25887.29591
18171,5853.017228
18173,72742.73999
18175,20504.52617
18177,49945.82738
18179,25966.31365
18181,18710.71655
18183,29901.85656
19001,5154.378289
19003,2298.713418
19005,9506.116514
19007,8976.273927
19009,3678.942154
19011,21891.48019
19013,153246.7849
19015,28382.53278
19017,26619.64473
19019,19024.38373
19021,23201.58593
19023,14078.53454
19025,7725.819071
19027,17223.39865
19029,10004.80988
19031,16840.66656
19033,33681.79706
19035,8175.092483
19037,9996.561382
19039,9345.348124
19041,15314.59763
19043,13186.5193
19045,36208.64278
19047,18955.43314
19049,194154.3133
19051,7799.267868
19053,6500.424274
19055,14198.47827
19057,37156.12575
19059,20306.89664
19061,116553.195
19063,6991.422615
19065,16388.52272
19067,14659.894
19069,8141.629753
19071,4105.698879
19073,7185.535033
19075,12370.04421
19077,8926.298724
19079,12468.90373
19081,9033.591784
19083,16453.95244
19085,9749.032481
19087,17796.01903
19089,7387.772103
19091,8447.868525
19093,6699.855544
19095,15427.58149
19097,15847.80849
19099,33802.25834
19101,26447.8275
19103,288143.6042
19105,18396.45772
19107,7123.292175
19109,13824.54171
19111,28777.30372
19113,278685.4819
19115,9877.740488
19117,6265.373075
19119,11573.12102
19121,14639.54628
19123,19799.56813
19125,30690.50224
19127,44471.75919
19129,12123.32069
19131,10346.46259
19133,7586.255891
19135,7776.392257
19137,7595.373733
19139,48608.57758
19141,11887.28756
19143,3711.126325
19145,13302.48254
19147,8232.200715
19149,25420.95073
19151,6438.937563
19153,752829.9275
19155,86993.63597
19157,18028.93566
19159,4404.364158
19161,8256.198494
19163,224359.0001
19165,10791.02826
19167,37990.02928
19169,177914.7817
19171,14186.09059
19173,6145.928069
19175,12542.88381
19177,4763.613318
19179,37287.09441
19181,65938.93695
19183,24595.27725
19185,5716.22716
19187,33263.82066
19189,9073.055935
19191,17391.69822
19193,102787.9227
19195,7645.426327
19197,10312.84358
20001,9341.65181
20003,5446.396689
20005,13856.00768
20007,4639.835261
20009,22718.51102
20011,10892.13451
20013,8187.651277
20015,69940.16017
20017,2130.678005
20019,2494.828785
20021,13915.32905
20023,2671.04625
20025,2602.636901
20027,6876.244575
20029,7903.778952
20031,7178.178817
20033,1654.159133
20035,32420.53841
20037,39188.47897
20039,2583.169997
20041,16493.43884
20043,6806.223989
20045,190592.5037
20047,2737.872832
20049,1386.312472
20051,33598.25471
20053,6064.46983
20055,35491.00767
20057,29616.19182
20059,20555.09624
20061,40314.03513
20063,2854.284862
20065,2402.82686
20067,7465.029505
20069,5549.519701
20071,1862.943288
20073,3575.67562
20075,1649.951268
20077,4589.006437
20079,34665.33093
20081,3266.763845
20083,1687.217969
20085,11226.94149
20087,16257.28992
20089,2841.45798
20091,841772.0952
20093,4281.394031
20095,6735.650483
20097,2659.619922
20099,14831.89091
20101,1356.98064
20103,95304.41215
20105,2822.875591
20107,9483.028618
20109,3660.320891
20111,31863.02557
20113,27276.11273
20115,9374.782666
20117,8201.012292
20119,2459.931435
20121,27276.73713
20123,5472.802599
20125,21279.57001
20127,4330.718891
20129,1559.193899
20131,9275.678416
20133,13836.30635
20135,2723.590675
20137,5318.738721
20139,13707.90352
20141,3318.064421
20143,5016.560594
20145,6476.793277
20147,4593.97769
20149,32560.40682
20151,10693.47415
20153,2902.795741
20155,59678.85416
20157,3412.494316
20159,9457.016721
20161,109146.3772
20163,5170.711602
20165,2568.194066
20167,7290.355073
20169,50361.97045
20171,5290.366647
20173,562026.8958
20175,27053.47133
20177,166330.4936
20179,2144.345278
20181,6190.385364
20183,2805.113457
20185,3472.588748
20187,1434.80541
20189,6930.74655
20191,19915.73287
20193,7541.119993
20195,2422.583934
20197,5400.769106
20199,1682.460823
20201,5007.405836
20203,2295.685715
20205,5923.332297
20207,2465.477624
20209,207896.6676
21001,22106.77
21003,22739.47724
21005,23119.19496
21007,7647.526378
21009,52820.14208
21011,16499.12812
21013,17161.47078
21015,178973.9817
21017,20064.75646
21019,38313.19399
21021,36094.95296
21023,6245.998202
21025,8963.258808
21027,16639.60622
21029,108954.6233
21031,12978.81013
21033,10542.94673
21035,48501.45626
21037,96412.51825
21039,3736.198971
21041,8788.445519
21043,20216.95677
21045,12709.16566
21047,54560.52327
21049,33194.55181
21051,15781.97746
21053,9058.246078
21055,7883.865567
21057,5160.850164
21059,110294.9948
21061,10146.65971
21063,5486.994383
21065,10928.18751
21067,490667.1114
21069,14808.18523
21071,21013.49331
21073,56676.57655
21075,4120.102785
21077,8139.899493
21079,17592.07473
21081,20602.88893
21083,33905.85587
21085,27076.07324
21087,8189.267317
21089,27701.66678
21091,8096.913846
21093,88366.68441
21095,16060.25114
21097,16844.52499
21099,18584.3491
21101,44389.72074
21103,15749.1246
21105,3025.521296
21107,39302.7355
21109,9932.79408
21111,933629.6727
21113,71356.95831
21115,18204.20612
21117,183542.6484
21119,10333.70296
21121,25825.60182
21123,13686.6276
21125,62704.76918
21127,13292.16988
21129,3784.798216
21131,6134.247034
21133,12156.1197
21135,10558.25516
21137,18016.35456
21139,7090.026171
21141,22849.46486
21143,8069.17032
21145,58432.45837
21147,14466.89254
21149,7677.252448
21151,127293.0739
21153,8002.207531
21155,15007.37996
21157,27940.14478
21159,9088.434304
21161,12858.39463
21163,21657.57689
21165,5037.262604
21167,19371.76045
21169,7352.729217
21171,7971.053378
21173,33131.01169
21175,10612.29688
21177,26359.05854
21179,52394.96924
21181,6119.055979
21183,25018.66104
21185,100167.7395
21187,8983.694042
21189,2705.224515
21191,10074.14554
21193,17546.98398
21195,36797.49785
21197,9307.065872
21199,65107.63335
21201,1245.786973
21203,15696.64887
21205,37128.1937
21207,16919.37877
21209,92677.12962
21211,70916.90796
21213,21736.25217
21215,23480.13726
21217,30486.36146
21219,10249.94077
21221,13064.55887
21223,7710.729726
21225,12405.53939
21227,203713.0111
21229,14301.87873
21231,15601.66801
21233,10761.05606
21235,32549.90004
21237,5191.529548
21239,30536.69363
22001,62262.87291
22003,23166.29148
22005,207615.0321
22007,18921.13003
22009,32224.74477
22011,38163.70138
22013,10646.54909
22015,183533.2233
22017,206516.385
22019,236207.8971
22021,9053.05568
22023,6608.055121
22025,7844.508226
22027,11523.78594
22029,15066.62086
22031,30238.65351
22033,484422.3524
22035,4644.807465
22037,15455.73007
22039,29125.17344
22041,16828.35791
22043,21631.41289
22045,71728.42334
22047,30956.41892
22049,12269.34838
22051,461030.7029
22053,28456.07332
22055,375156.252
22057,102794.5858
22059,15131.98909
22061,57177.81822
22063,201516.3393
22065,8989.762615
22067,16698.35172
22069,33579.8019
22071,826541.1114
22073,166699.2898
22075,26073.93869
22077,16945.96762
22079,124535.3092
22081,5776.349686
22083,18496.90139
22085,22234.73729
22087,125769.8044
22089,49770.86057
22091,7193.888797
22093,16673.07192
22095,32988.33156
22097,75855.38153
22099,61418.9695
22101,40655.48527
22103,364590.4979
22105,175426.8776
22107,2133.225285
22109,121119.3172
22111,18681.84032
22113,70803.64874
22115,34087.38907
22117,37433.65557
22119,29743.196
22121,36323.79157
22123,9052.946305
22125,15888.81994
22127,10230.68175
23001,84221.71423
23003,41385.88447
23005,351795.905
23007,22769.70503
23009,46152.4071
23011,95709.9948
23013,33681.16939
23015,27201.21886
23017,43958.01081
23019,123864.3927
23021,11249.4973
23023,28503.62126
23025,36136.90424
23027,36078.37045
23029,21034.67471
23031,210349.8517
24001,59178.90564
24003,723030.9458
24005,990955.3406
24009,94627.64995
24011,25342.06939
24013,158312.4443
24015,104169.8389
24017,224882.5664
24019,28617.61971
24021,311062.3367
24023,21703.3905
24025,265658.8857
24027,488123.751
24029,15088.94782
24031,1491591.584
24033,1183219.819
24035,51827.89961
24037,143064.8707
24039,20426.87572
24041,32982.26107
24043,148192.6516
24045,123641.3203
24047,49451.4283
24510,597248.9705
25001,167488.5666
25003,91304.72444
25005,552141.3466
25007,19203.98919
25009,970206.1877
25011,54970.78108
25013,508827.1538
25015,175541.9191
25017,2087460.961
25019,16256.74323
25021,813019.4105
25023,542475.6
25025,1255186.811
25027,869109.8698
26001,5691.096597
26003,6903.892096
26005,122340.3538
26007,20728.52001
26009,15980.69679
26011,9616.186963
26013,6276.834318
26015,53138.73241
26017,80613.60333
26019,13593.62722
26021,125542.9878
26023,33461.95527
26025,109855.2804
26027,39851.85192
26029,24647.73515
26031,16546.86294
26033,33350.37732
26035,23371.53377
26037,79133.4896
26039,10156.52257
26041,26752.6978
26043,21604.72819
26045,104960.5094
26047,32013.80327
26049,279212.4976
26051,17666.68904
26053,10579.72117
26055,122377.2974
26057,34313.8492
26059,34095.49353
26061,31624.88191
26063,21573.18234
26065,333223.0646
26067,58682.28245
26069,20876.84944
26071,7741.975916
26073,81567.50694
26075,135671.236
26077,331196.1738
26079,15810.07912
26081,868555.6122
26083,1708.425257
26085,8525.827295
26087,80565.57966
26089,19094.42952
26091,77971.20325
26093,217485.2673
26095,5480.990855
26097,8595.075181
26099,1010200.093
26101,20653.2509
26103,65241.25559
26105,26171.30457
26107,39249.89226
26109,18334.79816
26111,76697.96693
26113,12957.58643
26115,115024.1121
26117,50517.21748
26119,5080.559912
26121,160305.7276
26123,36799.57842
26125,1469249.628
26127,20561.28756
26129,14293.60259
26131,1696.333556
26133,16610.73083
26135,5054.925134
26137,21411.0264
26139,388413.6001
26141,8045.774892
26143,17564.12574
26145,135518.5224
26147,124389.756
26149,49342.98049
26151,26280.01346
26153,5099.568569
26155,48426.2282
26157,35560.4532
26159,55231.68943
26161,504727.5994
26163,1384039.458
26165,27473.22782
27001,10804.27358
27003,417540.583
27005,35868.88529
27007,46299.42552
27009,42809.47914
27011,3550.95734
27013,82841.95096
27015,20947.50223
27017,33347.93964
27019,148523.8151
27021,21888.56046
27023,10228.82442
27025,49157.37929
27027,83204.67138
27029,8228.50687
27031,5377.237446
27033,10135.94569
27035,59064.42301
27037,498742.8761
27039,20490.23661
27041,40819.46867
27043,11972.9723
27045,17194.2925
27047,26386.68601
27049,41532.25804
27051,4415.460866
27053,1823498.466
27055,15378.22515
27057,18092.58715
27059,35836.78935
27061,43946.0342
27063,8698.774405
27065,11299.3025
27067,42124.0183
27069,3869.332438
27071,8746.376084
27073,5093.924966
27075,7365.039881
27077,2957.431351
27079,25299.12638
27081,4445.063293
27083,22382.7384
27085,27694.99316
27087,4821.870468
27089,8464.448065
27091,15021.44544
27093,18413.4209
27095,19375.61068
27097,25228.79265
27099,40840.95966
27101,6819.888865
27103,34339.61633
27105,27213.03779
27107,6348.132861
27109,192980.5875
27111,57182.92163
27113,15600.91972
27115,20930.52963
27117,7234.534345
27119,29021.84665
27121,9817.732235
27123,765818.9568
27125,3382.328131
27127,12225.11333
27129,9597.913603
27131,67074.1925
27133,8661.915942
27135,14539.48578
27137,200852.7526
27139,216882.711
27141,99213.84441
27143,11946.15939
27145,177480.1997
27147,33051.82879
27149,10642.1527
27151,6891.148953
27153,15903.5112
27155,2945.743658
27157,17132.35402
27159,13062.33823
27161,19359.46463
27163,324118.0857
27165,9557.668386
27167,5140.216847
27169,45871.6071
27171,155415.56
27173,6649.785788
28001,22553.89283
28003,39708.49004
28005,7325.914811
28007,13524.06832
28009,5009.552685
28011,26083.02639
28013,11417.29093
28015,6981.208069
28017,15898.71832
28019,6209.741572
28021,7065.222538
28023,11224.68214
28025,15891.30758
28027,13486.15932
28029,22160.39565
28031,16381.18022
28033,270132.7065
28035,84323.9805
28037,4813.846315
28039,25409.5249
28041,10455.44234
28043,17415.19236
28045,62416.98777
28047,291062.3553
28049,226945.6286
28051,11093.01356
28053,4905.849592
28055,880.4982065
28057,22962.45594
28059,148722.9584
28061,11741.76235
28063,5238.056897
28065,6582.650385
28067,66240.89148
28069,6967.934244
28071,108114.463
28073,97288.50611
28075,61797.35096
28077,10084.71654
28079,15731.98385
28081,95840.59904
28083,19187.78567
28085,29980.57722
28087,54348.39396
28089,164299.6229
28091,15215.42232
28093,25351.53179
28095,26788.06272
28097,5779.6219
28099,25184.10537
28101,19212.0675
28103,7394.332243
28105,73899.0156
28107,26108.12187
28109,43286.24394
28111,9820.426727
28113,33276.35704
28115,35066.24059
28117,23851.37278
28119,4272.300453
28121,192376.4545
28123,25340.54412
28125,2590.36573
28127,22023.98988
28129,12234.32759
28131,17824.89777
28133,17978.0649
28135,11027.62095
28137,23589.63919
28139,19953.19104
28141,18422.43029
28143,7406.128758
28145,36987.26987
28147,9233.463045
28149,37596.29215
28151,26393.76153
28153,16267.28531
28155,7592.867359
28157,4977.566344
28159,12963.67087
28161,10771.20787
28163,22492.31227
29001,25811.02583
29003,16358.89406
29005,3299.03775
29007,32318.71386
29009,30688.44646
29011,8668.059065
29013,11943.65084
29015,13662.39961
29017,10222.39795
29019,276116.4509
29021,83602.95102
29023,40308.49525
29025,6330.459728
29027,44068.69446
29029,41704.97447
29031,99541.33615
29033,6213.257273
29035,5582.598046
29037,102061.8188
29039,11840.58732
29041,5246.141731
29043,117487.4858
29045,4620.124108
29047,328630.2666
29049,18659.01601
29051,74515.38794
29053,16915.53573
29055,21042.46178
29057,5323.726501
29059,11341.47346
29061,6374.728704
29063,12259.10183
29065,12959.36959
29067,8805.3823
29069,22401.84637
29071,94280.37145
29073,11227.38816
29075,6457.300707
29077,397430.7641
29079,8261.94645
29081,6130.667494
29083,16892.97661
29085,6075.756851
29087,2150.974574
29089,9482.305158
29091,31450.29616
29093,6944.112419
29095,749289.2159
29097,117705.0833
29099,234651.4419
29101,59168.25771
29103,2291.612834
29105,30188.87318
29107,24584.89203
29109,31620.71757
29111,9041.551846
29113,61790.35055
29115,9056.108233
29117,15104.71316
29119,18666.22645
29121,12160.38716
29123,12743.8943
29125,6883.850045
29127,26203.24048
29129,2893.806516
29131,23415.31327
29133,12232.9385
29135,16474.51233
29137,6089.085505
29139,7293.113965
29141,14734.56659
29143,12604.02527
29145,54775.39301
29147,19210.37933
29149,9286.377302
29151,10298.00577
29153,6309.508606
29155,11669.19844
29157,19172.22235
29159,39048.73077
29161,38977.04715
29163,16589.25022
29165,146617.1065
29167,30552.6842
29169,55466.7684
29171,3563.125382
29173,9174.944277
29175,22081.09919
29177,16516.2308
29179,4166.63912
29181,10427.03221
29183,534684.0211
29185,6813.87737
29186,15718.88981
29187,70707.97897
29189,1007280.208
29195,21171.27847
29197,4561.649606
29199,4088.761838
29201,32023.82594
29203,5897.567169
29205,4200.061955
29207,25512.1836
29209,19705.99485
29211,4303.241218
29213,68841.98628
29215,21831.64375
29217,17549.30521
29219,35478.89151
29221,18848.76696
29223,11828.2489
29225,41285.96026
29227,1390.48645
29229,12086.19282
29510,296529.0447
30001,8840.26747
30003,15195.05206
30005,7539.56366
30007,5690.306278
30009,12871.66119
30011,1124.673291
30013,77906.02883
30015,6432.593281
30017,15369.15354
30019,1951.388595
30021,15362.74851
30023,7986.260753
30025,5438.621816
30027,9992.975252
30029,129516.9092
30031,209250.496
30033,1759.112043
30035,13416.77169
30037,627.2936354
30039,3971.805594
30041,17129.94961
30043,13371.56935
30045,961.6870718
30047,31194.61195
30049,82740.6848
30051,2720.302797
30053,11545.63773
30055,1527.407382
30057,8466.747334
30059,1236.368432
30061,3677.888877
30063,156752.6831
30065,4448.771011
30067,18926.97065
30069,611.0825131
30071,3480.216184
30073,5720.873649
30075,2345.17901
30077,5888.285704
30079,943.1558125
30081,44192.90498
30083,32631.23957
30085,18949.61105
30087,9460.355404
30089,8580.556645
30091,7266.349881
30093,38592.85079
30095,11767.50033
30097,3832.708001
30099,5131.936099
30101,4027.418954
30103,490.0884636
30105,9022.506749
30107,1259.490303
30109,2023.407517
30111,221099.7216
31001,31585.89045
31003,4904.734468
31005,480.3251181
31007,1207.857447
31009,779.0894995
31011,4243.03412
31013,12393.82879
31015,1476.048678
31017,1873.121855
31019,72054.28301
31021,5044.01818
31023,6252.698943
31025,25329.01554
31027,6916.248495
31029,4469.240729
31031,6689.640642
31033,11766.09109
31035,5112.632317
31037,12758.05894
31039,9782.69779
31041,10054.47459
31043,19914.36492
31045,8483.139541
31047,21358.4061
31049,2399.797725
31051,4352.265954
31053,37494.44295
31055,801987.5261
31057,1281.255428
31059,5412.01507
31061,2316.320639
31063,1708.012959
31065,4523.188864
31067,18049.41358
31069,1239.090045
31071,2144.939823
31073,1979.339714
31075,738.4953251
31077,1688.990713
31079,86765.24884
31081,9575.359263
31083,3530.910259
31085,511.273874
31087,2912.886606
31089,8930.207782
31091,878.1639452
31093,6954.665009
31095,6509.95252
31097,5699.384849
31099,7765.45432
31101,6916.27217
31103,630.1451453
31105,3225.853442
31107,7530.743196
31109,483102.5212
31111,30918.49511
31113,769.4848664
31115,287.8347471
31117,306.010163
31119,34606.15726
31121,6843.430681
31123,5013.28712
31125,3003.639118
31127,6737.812901
31129,3341.1617
31131,17186.00602
31133,2483.093458
31135,2282.648289
31137,9739.302105
31139,7303.01264
31141,38648.20557
31143,5142.040123
31145,9961.901359
31147,6277.407037
31149,727.4357354
31151,17915.07596
31153,298086.9847
31155,20040.80601
31157,33655.65445
31159,17708.53402
31161,4272.237783
31163,2186.423036
31165,1061.303104
31167,3854.939038
31169,5223.870131
31171,828.1361704
31173,6515.903056
31175,3807.694821
31177,19079.51135
31179,11256.38211
31181,3394.101609
31183,458.1713843
31185,15058.55261
32001,16174.60488
32003,3400072.357
32005,44750.0984
32007,66996.0257
32009,1239.323851
32011,2240.338468
32013,18381.24028
32015,5900.337343
32017,3850.13858
32019,41579.66761
32021,3031.588266
32023,29392.94643
32027,6446.89425
32029,3247.816763
32031,595548.3559
32033,8839.465727
32510,47663.64506
33001,54533.36961
33003,33086.96619
33005,60963.1228
33007,25048.827
33009,77064.03891
33011,381542.3874
33013,144081.2042
33015,314977.0977
33017,141803.3316
33019,32917.49573
34001,237846.1177
34003,1229132.263
34005,431759.9739
34007,465629.8191
34009,67388.50246
34011,142652.7794
34013,850047.3227
34015,284188.1479
34017,994480.4286
34019,112600.5787
34021,397844.9748
34023,1038919.759
34025,551341.8331
34027,548985.6376
34029,538149.4445
34031,554325.6602
34033,46355.54454
34035,401707.9917
34037,100391.1486
34039,696707.1006
34041,94534.73887
35001,709273.9797
35003,1366.423481
35005,66928.38569
35006,22567.63575
35007,6284.69782
35009,42403.41882
35011,1119.535645
35013,223576.2444
35015,89198.55352
35017,20807.49662
35019,2750.267449
35021,750.4594815
35023,1948.184007
35025,126264.3981
35027,10991.143
35028,20010.09359
35029,19336.40027
35031,119937.221
35033,2460.810771
35035,58575.45384
35037,4701.952123
35039,27055.5475
35041,12152.18932
35043,178536.4665
35045,46928.95554
35047,19187.56711
35049,159965.8162
35051,5914.374813
35053,12541.57904
35055,27592.6706
35057,9802.272125
35059,2838.238547
35061,63191.20206
36001,348467.33
36003,33633.6537
36005,1945469.569
36007,163160.7037
36009,51601.09975
36011,61007.10015
36013,96702.97368
36015,69011.51378
36017,34000.13757
36019,66471.09721
36021,45789.6699
36023,40216.08443
36025,31264.6064
36027,259970.7725
36029,905725.2207
36031,29248.46269
36033,41256.35184
36035,39321.07064
36037,43911.01603
36039,34912.65575
36041,3238.320901
36043,45080.36244
36045,98523.05822
36047,3228967.898
36049,20926.88577
36051,54954.5054
36053,52841.96985
36055,714443.0299
36057,43160.60528
36059,1502845.271
36061,2206601.083
36063,165198.484
36065,197920.4692
36067,426399.4555
36069,104894.8092
36071,369311.4578
36073,31487.3514
36075,87978.74037
36077,45714.99385
36079,96348.07286
36081,2944423.073
36083,152965.892
36085,457242.0491
36087,362455.5364
36089,94253.98171
36091,248637.9386
36093,148620.7799
36095,20481.52285
36097,15322.32699
36099,28875.05199
36101,74286.42455
36103,1424848.193
36105,52499.81264
36107,33070.69452
36109,133599.463
36111,151470.4451
36113,50436.73863
36115,47513.53882
36117,65028.60753
36119,1136044.326
36121,32841.0069
36123,18916.93413
37001,206158.2163
37003,30229.18799
37005,7333.636086
37007,17802.5444
37009,20112.80784
37011,15580.66028
37013,42239.17654
37015,12963.28467
37017,22983.48318
37019,206228.3488
37021,356370.209
37023,71099.16782
37025,344827.1004
37027,59937.90866
37029,11571.91777
37031,80090.92458
37033,15578.07535
37035,145523.5686
37037,106565.2226
37039,19591.87341
37041,10857.55433
37043,10098.92826
37045,79708.02356
37047,44103.09133
37049,81316.41989
37051,335324.9655
37053,35405.49825
37055,44477.11671
37057,157228.6007
37059,40445.45577
37061,48426.12831
37063,531726.6899
37065,31494.51258
37067,476782.3697
37069,78993.41035
37071,257806.0402
37073,6807.824435
37075,6432.527814
37077,61260.91288
37079,18103.92984
37081,734787.5795
37083,34863.05503
37085,218331.7503
37087,61577.94473
37089,148298.3983
37091,19941.98624
37093,86383.76266
37095,3987.154206
37097,245101.641
37099,50107.2046
37101,304914.6275
37103,8127.806474
37105,68309.87455
37107,45135.6603
37109,94303.72947
37111,39905.74935
37113,33249.00777
37115,22049.51165
37117,14171.17358
37119,1999449.799
37121,10965.86422
37123,22077.1054
37125,137811.3339
37127,80517.00334
37129,354831.1172
37131,10487.92237
37133,193247.7383
37135,203801.0273
37137,8638.962749
37139,31085.97652
37141,95925.11383
37143,10980.96096
37145,32683.40119
37147,236614.2055
37149,17528.5019
37151,128574.9184
37153,33654.59131
37155,117001.9127
37157,68106.0197
37159,131825.7757
37161,52763.49947
37163,60462.35969
37165,26554.13729
37167,54050.50027
37169,32818.45192
37171,54101.80124
37173,15766.8504
37175,30936.72511
37177,3270.04315
37179,383104.9384
37181,32466.10486
37183,1955806.828
37185,13633.88668
37187,6729.620667
37189,73637.50804
37191,117700.0293
37193,54770.45292
37195,78609.57624
37197,27109.37041
37199,13468.65196
38001,2278.426328
38003,11646.88753
38005,7097.134175
38007,2095.266838
38009,10174.37981
38011,4954.82396
38013,5428.568289
38015,191959.8311
38017,378693.7941
38019,3531.991567
38021,4924.129831
38023,5974.519115
38025,13980.71535
38027,2650.56393
38029,2665.154625
38031,3527.10023
38033,3341.969727
38035,115269.3848
38037,2435.65786
38039,2163.486007
38041,5385.896759
38043,2180.727694
38045,4315.501951
38047,1829.71466
38049,11305.76151
38051,2822.871148
38053,80684.94685
38055,16850.31623
38057,13612.19785
38059,54157.32585
38061,35720.74923
38063,2853.631947
38065,1992.571073
38067,4925.175057
38069,4783.032595
38071,13135.72256
38073,5653.61695
38075,3081.735137
38077,18381.74028
38079,19436.80173
38081,4136.857555
38083,1150.542101
38085,6123.483119
38087,867.6306629
38089,110718.2179
38091,1760.005231
38093,21959.60415
38095,2861.254778
38097,8384.199055
38099,11935.75068
38101,163133.7105
38103,4087.64519
38105,171986.5534
39001,20394.02945
39003,86152.32399
39005,46069.78951
39007,72270.17018
39009,74946.60396
39011,39722.03916
39013,56426.71212
39015,30742.50181
39017,391115.8439
39019,19322.60314
39021,27217.49095
39023,109590.2024
39025,205956.8676
39027,36407.53476
39029,76157.3355
39031,29032.95365
39033,30616.75675
39035,1145705.782
39037,39319.93121
39039,31308.69692
39041,315314.3113
39043,62512.0318
39045,174822.1159
39047,22550.45236
39049,1950539.451
39051,36040.31545
39053,21336.21361
39055,88197.64918
39057,167805.9698
39059,29699.69236
39061,822428.0223
39063,74478.75291
39065,25265.38062
39067,11607.44141
39069,23361.01322
39071,32572.0266
39073,20947.37127
39075,43040.46777
39077,43611.28188
39079,23897.12072
39081,51236.27462
39083,51352.62795
39085,212753.6533
39087,45103.40781
39089,182985.1709
39091,37511.13643
39093,312871.9584
39095,355124.6804
39097,47918.61248
39099,193606.0373
39101,50604.27639
39103,187282.6838
39105,16243.43586
39107,34916.61472
39109,108110.4294
39111,10620.71718
39113,469639.2765
39115,10911.68274
39117,32038.27874
39119,76751.4952
39121,11551.22104
39123,31955.99021
39125,12853.27811
39127,30375.45015
39129,61478.09487
39131,21089.6906
39133,167469.1217
39135,33006.05503
39137,26915.97764
39139,95135.3711
39141,66705.89281
39143,47711.53706
39145,54016.01366
39147,46688.56133
39149,38981.13625
39151,345289.6756
39153,514923.245
39155,149857.2914
39157,83173.70905
39159,64195.09253
39161,25251.24948
39163,9624.641813
39165,289599.3603
39167,52246.21816
39169,109008.935
39171,31072.31711
39173,158589.2644
39175,17814.55583
40001,16969.68089
40003,9077.615913
40005,10708.62877
40007,5561.156195
40009,35861.65791
40011,12754.38978
40013,63072.81387
40015,26484.13317
40017,285457.1329
40019,55604.04325
40021,59370.36363
40023,13960.21467
40025,1203.441278
40027,454101.429
40029,4185.61523
40031,120367.6452
40033,5549.539617
40035,13456.82798
40037,71557.86616
40039,50458.04096
40041,38839.35032
40043,6615.400026
40045,4977.824024
40047,87847.27324
40049,30383.56794
40051,71719.11077
40053,4535.745104
40055,5711.686697
40057,2361.922195
40059,5146.364339
40061,11354.43522
40063,13130.41296
40065,22586.45637
40067,5025.243198
40069,10993.30094
40071,38231.03967
40073,19453.5562
40075,8757.921802
40077,7283.430281
40079,42238.95609
40081,36216.38699
40083,75815.43945
40085,13765.64733
40087,66276.47271
40089,31435.85929
40091,15771.28558
40093,9753.492133
40095,21282.6158
40097,35853.60429
40099,17307.75195
40101,56978.38671
40103,11128.10072
40105,11093.50645
40107,11994.57968
40109,1288422.232
40111,32498.06521
40113,45781.06859
40115,30744.61712
40117,15563.46707
40119,114840.1737
40121,39952.15041
40123,42293.39829
40125,86030.5944
40127,8626.718764
40129,4425.749448
40131,116791.0335
40133,25725.62571
40135,32942.56836
40137,43953.5404
40139,27731.95357
40141,6363.744409
40143,938389.4077
40145,98219.30986
40147,61599.95948
40149,12740.43472
40151,13758.19517
40153,34449.17282
41001,13092.53398
41003,119274.7638
41005,574444.9818
41007,40032.12123
41009,44383.44636
41011,56819.25999
41013,24639.4095
41015,18825.70793
41017,295285.9224
41019,91278.86393
41021,1822.216839
41023,4581.139119
41025,4991.182602
41027,24110.18749
41029,273268.5242
41031,25801.04804
41033,90800.81018
41035,56207.06886
41037,6533.124806
41039,452015.6016
41041,50833.79251
41043,133614.4589
41045,22506.55218
41047,422187.0962
41049,11053.98586
41051,1242124.193
41053,110395.4315
41055,1175.347577
41057,27129.29242
41059,74057.66996
41061,22896.59384
41063,4518.833776
41065,28041.24301
41067,895143.1819
41069,755.5664939
41071,118155.2827
42001,92014.30485
42003,1244169.024
42005,45903.91401
42007,141155.2228
42009,34161.58545
42011,439426.2925
42013,99542.15167
42015,44276.63237
42017,584224.6238
42019,182049.7234
42021,88379.47822
42023,2442.598121
42025,50843.32739
42027,205070.4315
42029,580602.2452
42031,31092.00772
42033,70186.30568
42035,36931.35478
42037,57525.83958
42039,63841.2974
42041,312936.7448
42043,286187.6287
42045,586580.9121
42047,20967.39209
42049,234924.8526
42051,103467.7436
42053,6991.80609
42055,155131.8484
42057,10342.19743
42059,27818.64374
42061,37844.21819
42063,69347.95476
42065,32754.94264
42067,20382.23514
42069,201069.4243
42071,591056.3518
42073,61343.63317
42075,159406.0484
42077,475939.9893
42079,330816.7567
42081,102950.2757
42083,33555.69924
42085,84890.88184
42087,36813.06724
42089,146709.7026
42091,896416.5756
42093,18238.71678
42095,318037.1791
42097,80521.16171
42099,36001.44623
42101,1861692.811
42103,40372.11188
42105,11571.92455
42107,115610.8147
42109,43124.97593
42111,56436.52104
42113,4717.722848
42115,26492.27915
42117,32081.44483
42119,49048.3078
42121,34094.08221
42123,27467.9471
42125,195269.3034
42127,39873.43568
42129,277443.5701
42131,20250.33965
42133,448260.6461
44001,43093.30412
44003,137994.5522
44005,71801.44185
44007,683741.4225
44009,107077.7503
45001,20098.41919
45003,193839.559
45005,5276.549634
45007,240219.9731
45009,7696.287495
45011,13635.35555
45013,275125.8478
45015,375556.5799
45017,11219.99857
45019,691627.2113
45021,60314.39697
45023,23001.2141
45025,36846.61367
45027,25018.68647
45029,25028.78123
45031,53541.43596
45033,21835.98872
45035,267478.9499
45037,23033.80185
45039,14250.65472
45041,139478.1765
45043,61903.56662
45045,769366.6352
45047,63768.14266
45049,13370.07218
45051,595415.4078
45053,50301.74099
45055,73291.73378
45057,148252.1965
45059,61941.1953
45061,10603.40695
45063,406984.3748
45065,5328.948923
45067,21566.14474
45069,19664.50071
45071,36218.95319
45073,77052.29883
45075,60628.75161
45077,133800.0317
45079,595371.3486
45081,20368.55307
45083,384156.3908
45085,89591.78742
45087,18314.34434
45089,19797.94859
45091,443233.7416
46003,3707.733727
46005,27931.41122
46007,4166.789407
46009,7140.17856
46011,53759.23193
46013,59897.95382
46015,5432.270873
46017,3523.632288
46019,10873.91195
46021,1282.588881
46023,9941.787941
46025,3531.734521
46027,16800.72034
46029,33811.79308
46031,5370.767663
46033,9597.437795
46035,21925.21969
46037,4919.724297
46039,4184.176627
46041,8701.751459
46043,2779.972872
46045,3841.560429
46047,6643.003587
46049,1769.405659
46051,5667.192517
46053,3851.333182
46055,1886.063952
46057,6345.770679
46059,2743.584274
46061,2899.16915
46063,1613.1147
46065,20979.06229
46067,6356.733835
46069,1261.019652
46071,5224.167027
46073,1559.246677
46075,610.7205478
46077,4558.398041
46079,19880.99633
46081,31789.2671
46083,116136.3677
46085,4001.119125
46087,5996.310951
46089,2125.370897
46091,5903.773782
46093,42061.4902
46095,1967.794442
46097,1728.647903
46099,325574.3761
46101,6519.749133
46102,20835.90198
46103,160507.0399
46105,3601.848046
46107,2265.810345
46109,11161.6969
46111,2491.759468
46115,6960.533927
46117,2992.185447
46119,1522.253467
46121,11437.63738
46123,4361.784317
46125,6969.810308
46127,18876.67441
46129,6200.005534
46135,24561.34997
46137,3370.458425
47001,75405.1376
47003,59481.87029
47005,12297.68136
47007,24581.84539
47009,147392.7506
47011,139256.8905
47013,29474.75481
47015,13388.36099
47017,22812.56679
47019,42876.50722
47021,40413.15511
47023,18411.14604
47025,24656.52896
47027,5463.326299
47029,27075.42875
47031,62536.76911
47033,14808.7345
47035,65461.89909
47037,1147294.091
47039,9512.123692
47041,21750.7286
47043,59076.1789
47045,32124.34853
47047,38790.40754
47049,14076.57197
47051,45522.58258
47053,44908.83335
47055,25665.40523
47057,21236.14037
47059,63037.70292
47061,9666.434782
47063,65797.70443
47065,484340.7241
47067,4611.624227
47069,17692.42728
47071,20612.42139
47073,45682.32228
47075,11876.14019
47077,25081.28332
47079,28674.81889
47081,19971.51057
47083,6699.999388
47085,14238.19215
47087,9245.761739
47089,60442.08879
47091,13305.90459
47093,603005.0888
47095,6680.556382
47097,22282.64928
47099,40799.79181
47101,8706.904743
47103,33310.37843
47105,64846.06995
47107,54202.10848
47109,22623.39907
47111,27821.86443
47113,84132.53485
47115,28053.43513
47117,34953.66936
47119,137543.2692
47121,10945.91756
47123,48697.91551
47125,353146.839
47127,5706.072002
47129,17523.72312
47131,22042.90808
47133,19770.30277
47135,6656.376064
47137,5316.160649
47139,15172.43913
47141,92659.02378
47143,33729.9072
47145,39293.6185
47147,77617.69759
47149,616829.502
47151,16598.4676
47153,17191.94845
47155,132123.0609
47157,928210.9047
47159,18749.75745
47161,11484.38424
47163,149018.1996
47165,281198.573
47167,59187.91375
47169,9225.559489
47171,14270.14112
47173,16692.52779
47175,5705.784851
47177,41135.94719
47179,145073.1023
47181,14393.2353
47183,25484.78028
47185,28970.12183
47187,438643.7393
47189,235382.8447
48001,59073.02877
48003,47841.12387
48005,91168.34492
48007,40280.68596
48009,6319.710165
48011,2168.432919
48013,80905.92064
48015,37933.25687
48017,8051.96745
48019,23264.45293
48021,129463.5748
48023,3209.409093
48025,43524.84513
48027,447779.2038
48029,3493522.457
48031,13975.75123
48033,711.1674686
48035,15115.57022
48037,93685.55564
48039,605399.3742
48041,414616.4891
48043,7337.544746
48045,1053.606929
48047,6954.258198
48049,38227.3221
48051,18110.0959
48053,61443.68292
48055,61831.92556
48057,26388.22887
48059,13007.83374
48061,456294.1011
48063,15134.79959
48065,5007.433009
48067,27229.8866
48069,5185.289329
48071,68318.245
48073,51084.72966
48075,7450.604503
48077,7254.964741
48079,2292.98422
48081,2972.896522
48083,5282.993574
48085,1937359.429
48087,3256.959769
48089,20325.46999
48091,299430.3903
48093,8723.700036
48095,5328.57998
48097,39257.88184
48099,74221.25659
48101,1369.037512
48103,11270.46374
48105,3902.263006
48107,4696.076856
48109,1278.866089
48111,9989.759352
48113,4026914.939
48115,12117.24591
48117,16479.21439
48119,4831.689902
48121,1746505.946
48123,25921.38092
48125,1248.530765
48127,19361.19143
48129,2224.321055
48131,9560.030215
48133,14905.76735
48135,379755.0028
48137,1137.436424
48139,265451.3986
48141,982919.3499
48143,77981.17702
48145,13645.26526
48147,31461.6735
48149,28622.94909
48151,3469.219649
48153,3860.028611
48155,964.9583477
48157,1753781.483
48159,10485.59134
48161,18699.92788
48163,33604.24102
48165,40000.75036
48167,559698.0035
48169,6733.926586
48171,32854.37061
48173,2118.110212
48175,10448.25295
48177,26045.88291
48179,31858.87288
48181,151218.2839
48183,127288.5935
48185,31698.07702
48187,316332.9342
48189,22420.39989
48191,2201.50335
48193,5975.655697
48195,5930.935647
48197,2784.313364
48199,57391.07649
48201,8185863.519
48203,70089.85118
48205,6355.533244
48207,6012.269588
48209,553461.8716
48211,8566.899671
48213,78208.03464
48215,1225036.491
48217,30099.99346
48219,30536.04797
48221,81921.62384
48223,40447.93401
48225,17979.96427
48227,61707.04392
48229,3132.620425
48231,111218.2894
48233,20998.72724
48235,1287.328826
48237,8605.324106
48239,21182.09727
48241,28892.73755
48243,1478.374076
48245,265237.3206
48247,4510.068446
48249,47454.99529
48251,223063.6305
48253,22498.8657
48255,23688.9884
48257,198020.1066
48259,99179.93571
48261,555.6784643
48263,732.3772339
48265,62116.57176
48267,2914.486494
48269,198.83313
48271,3458.128817
48273,34535.996
48275,5005.343505
48277,42024.20708
48279,9928.714692
48281,24402.65277
48283,13628.98571
48285,25907.91334
48287,17949.91894
48289,16862.88757
48291,109470.803
48293,22516.14467
48295,5120.981859
48297,18510.83809
48299,23172.52654
48301,340.4123097
48303,481150.236
48305,4421.56904
48307,8486.460308
48309,308044.3112
48311,1740.809864
48313,16630.5997
48315,7449.308344
48317,13158.13871
48319,3837.757544
48321,36934.46829
48323,74218.34634
48325,67386.4886
48327,1482.455276
48329,404167.7154
48331,21879.33116
48333,4366.253022
48335,9200.392131
48337,15423.73839
48339,1179590.303
48341,20915.45387
48343,9408.052241
48345,990.0076038
48347,66461.65866
48349,46540.56475
48351,10392.59888
48353,15602.74888
48355,567521.7858
48357,15571.95626
48359,2847.870667
48361,93022.55062
48363,25214.97376
48365,20106.70454
48367,194786.1024
48369,6558.262129
48371,21654.99093
48373,59243.25582
48375,117788.1613
48377,3000.935834
48379,11328.978
48381,206948.4795
48383,6846.741961
48385,2948.032035
48387,8552.158355
48389,24700.54025
48391,8234.059127
48393,1062.629018
48395,17301.29726
48397,185299.3793
48399,10980.82886
48401,49696.231
48403,7224.189006
48405,5644.813203
48407,31009.69305
48409,96107.21036
48411,4386.284476
48413,3035.029265
48415,22979.89495
48417,3610.272677
48419,24144.34174
48421,3288.971173
48423,308005.5598
48425,10145.46122
48427,73585.11463
48429,12609.23635
48431,3337.61523
48433,993.8044275
48435,2868.477208
48437,6016.722373
48439,3350488.801
48441,168883.1057
48443,550.7363555
48445,15339.74019
48447,1296.218487
48449,32231.43353
48451,182157.6369
48453,2463889.68
48455,11941.89414
48457,18016.56255
48459,46682.97531
48461,5892.37588
48463,32789.92631
48465,43904.11276
48467,57913.06074
48469,141952.9646
48471,100240.4916
48473,98275.72349
48475,21301.31359
48477,43686.8511
48479,370647.2282
48481,43368.11169
48483,7952.690036
48485,120499.0265
48487,11374.91818
48489,19488.9898
48491,1184291.531
48493,85024.33748
48495,16733.91144
48497,90716.64732
48499,52122.49664
48501,14807.35627
48503,16551.34403
48505,14316.05488
48507,16331.79913
49001,3925.980412
49003,59163.50242
49005,173366.1776
49007,14894.78773
49009,1443.52835
49011,555187.0827
49013,38871.53681
49015,5829.369674
49017,3384.208504
49019,11242.90879
49021,60461.74807
49023,11609.52661
49025,7309.476935
49027,11947.75129
49029,24714.12704
49031,1156.572212
49033,2085.408469
49035,1787244.469
49037,21156.21381
49039,38856.42623
49041,19929.59174
49043,68677.76398
49045,98459.74125
49047,85323.12229
49049,1035842.407
49051,78878.58614
49053,278447.3953
49055,2048.549972
49057,338710.3503
50001,32561.18587
50003,26638.31801
50005,23779.8167
50007,183767.5879
50009,4025.281717
50011,48832.23974
50013,5294.227322
50015,27674.06008
50017,23023.05437
50019,21232.24467
50021,39626.54367
50023,45893.12258
50025,29773.74501
50027,41858.75463
51001,27747.82297
51003,148058.4774
51005,10315.07496
51007,11607.24653
51009,21468.36564
51011,17285.84931
51013,399147.1606
51015,77171.01171
51017,3718.576862
51019,90059.8711
51021,4926.220941
51023,32840.90126
51025,10370.33954
51027,13815.43363
51029,15588.29407
51031,53011.1976
51033,34842.81511
51035,23521.50174
51036,4768.894792
51037,8270.873357
51041,452705.5794
51043,16212.32921
51045,4488.861515
51047,62773.08908
51049,6640.370371
51051,9562.305143
51053,24617.16772
51057,9043.318875
51059,1397919.089
51061,85797.88759
51063,15661.31715
51065,28018.58438
51067,50291.22246
51069,108407.2861
51071,13058.84164
51073,34170.61142
51075,26340.61459
51077,10810.9143
51079,21699.11764
51081,10825.49697
51083,25552.92594
51085,123591.2211
51087,442375.7533
51089,33741.63355
51091,1097.903806
51093,42745.10795
51095,108486.6033
51097,8010.73226
51099,36600.45405
51101,16482.87562
51103,6551.203327
51105,16619.39001
51107,828840.602
51109,38479.64326
51111,8329.060628
51113,10410.32589
51115,7315.163013
51117,20850.7173
51119,7794.960345
51121,119650.5889
51125,11480.54337
51127,33470.61939
51131,8764.142456
51133,10235.2908
51135,12924.24877
51137,45856.04834
51139,18460.95431
51141,12476.15687
51143,45875.3802
51145,28166.2359
51147,22292.29409
51149,61115.07515
51153,740796.0859
51155,26690.62182
51157,5926.448298
51159,7373.424394
51161,103327.6986
51163,20053.59756
51165,88550.46918
51167,19213.57032
51169,15463.66456
51171,47071.81006
51173,23629.34441
51175,14243.75806
51177,170999.9763
51179,235390.5427
51181,4228.499858
51183,9935.990192
51185,26797.97685
51187,45567.0383
51191,45683.47909
51193,16396.53524
51195,26232.94293
51197,27054.90882
51199,87381.04412
51510,257104.9885
51520,12847.44722
51530,6166.016321
51540,69675.57205
51550,318283.8289
51570,21423.71066
51580,3621.577504
51590,38034.94757
51595,4334.873723
51600,28756.44658
51610,25928.3293
51620,6124.277799
51630,59947.1921
51640,5784.630643
51650,116824.87
51660,85958.55326
51670,20238.77682
51678,10345.39738
51680,120783.0323
51683,64038.13381
51685,29325.61645
51690,11136.31867
51700,167406.6051
51710,251913.4997
51720,3777.533464
51730,27279.01623
51735,12779.44289
51740,95605.91272
51750,28421.79103
51760,367945.7127
51770,118032.4289
51775,30902.02339
51790,27926.06225
51800,105777.117
51810,508846.714
51820,23060.72249
51830,29938.59858
51840,34013.90119
53001,21026.17058
53003,21947.14875
53005,290099.7386
53007,91914.85438
53009,80890.23602
53011,681558.0648
53013,2930.810558
53015,96684.85913
53017,55020.48877
53019,6331.447474
53021,162360.2669
53023,2248.706174
53025,114712.0657
53027,50515.56272
53029,77042.38086
53031,29927.17391
53033,3706443.785
53035,300622.2307
53037,63240.74692
53039,23654.06457
53041,67747.7887
53043,7682.993492
53045,51470.32611
53047,35388.81834
53049,18504.38012
53051,12150.43044
53053,1206523.851
53055,18468.12547
53057,145713.7308
53059,11606.66646
53061,1171953.609
53063,598188.1242
53065,38230.84156
53067,391800.423
53069,4072.319469
53071,68336.83092
53073,307591.8768
53075,90294.02413
53077,273061.2766
54001,21538.56702
54003,159299.646
54005,13481.72136
54007,11497.37367
54009,18029.00442
54011,100184.983
54013,5071.018862
54015,4801.609348
54017,9915.838785
54019,32223.36343
54021,7528.377054
54023,8390.405008
54025,32881.78809
54027,15412.68597
54029,24520.84686
54031,11041.17291
54033,59999.29205
54035,25248.26959
54037,69842.81176
54039,148147.7794
54041,15568.82567
54043,15463.92742
54045,19581.80176
54047,7970.373624
54049,56027.04128
54051,24627.47148
54053,22431.99565
54055,47475.51556
54057,18800.54704
54059,13842.11575
54061,168244.9075
54063,12173.60996
54065,14774.71767
54067,18160.53654
54069,33582.40107
54071,3557.410205
54073,7436.751824
54075,6638.617561
54077,32130.73805
54079,58509.50873
54081,61919.27719
54083,24529.46166
54085,6671.343535
54087,9893.85376
54089,8619.42543
54091,15802.05324
54093,5460.495333
54095,6459.906608
54097,26276.11197
54099,29671.02833
54101,4557.307556
54103,10192.54967
54105,5639.167861
54107,73638.87957
54109,12703.49996
55001,12359.14165
55003,11840.79356
55005,36156.96789
55007,12776.69124
55009,305141.1453
55011,9448.908824
55013,9969.276581
55015,48824.36644
55017,61358.88161
55019,25512.06796
55021,50387.86622
55023,13357.02236
55025,826188.1614
55027,80673.89155
55029,23051.71378
55031,34043.19232
55033,44343.31534
55035,124085.2264
55037,3904.405794
55039,95039.34299
55041,6118.829621
55043,59314.89708
55045,35339.40051
55047,15694.75638
55049,20437.56335
55051,4344.829123
55053,18979.64375
55055,81764.90324
55057,20276.16309
55059,170102.2232
55061,15785.50326
55063,143506.4372
55065,13692.28557
55067,11377.75881
55069,19595.7758
55071,60731.24249
55073,129390.0937
55075,28502.01614
55077,10518.94618
55078,5224.674087
55079,1040065.584
55081,41596.27733
55083,29354.52685
55085,27438.30447
55087,211957.0254
55089,94539.11063
55091,5057.951483
55093,34594.60101
55095,31823.22186
55097,70728.65416
55099,9515.125977
55101,181322.593
55103,11950.32128
55105,151234.6441
55107,9173.637123
55109,97231.2758
55111,65498.97786
55113,11490.11547
55115,29908.09844
55117,106169.7244
55119,15349.45267
55121,31864.19036
55123,27729.59006
55125,15406.61688
55127,102206.8558
55129,10064.83011
55131,130918.0902
55133,413861.5655
55135,44227.86393
55137,17050.80473
55139,181301.8848
55141,54076.90297
56001,60547.36995
56003,14973.96294
56005,73621.12185
56007,14381.08815
56009,18790.62295
56011,8596.940622
56013,34314.16303
56015,15857.23527
56017,4337.448043
56019,8025.026684
56021,138476.0309
56023,20639.91383
56025,143617.2973
56027,3463.939272
56029,33595.07378
56031,9406.096319
56033,34743.59051
56035,7291.850244
56037,54005.41862
56039,41385.60288
56041,15715.27243
56043,6236.538809
56045,6822.223365